-- members 테이블 데이터
insert into members(member_no,email,name,password,created_date)
  values
  (101,'user1@test.com','user1',sha2('1111',256),'2024-1-1'),
  (102,'user2@test.com','user2',sha2('1111',256),'2024-2-2'),
  (103,'user3@test.com','user3',sha2('1111',256),'2024-3-3'),
  (104,'user4@test.com','user4',sha2('1111',256),'2024-4-4'),
  (105,'user5@test.com','user5',sha2('1111',256),'2024-5-5'),
  (106,'user6@test.com','user6',sha2('1111',256),'2024-1-1'),
  (107,'user7@test.com','user7',sha2('1111',256),'2024-2-2'),
  (108,'user8@test.com','user8',sha2('1111',256),'2024-3-3'),
  (109,'user9@test.com','user9',sha2('1111',256),'2024-4-4'),
  (110,'user10@test.com','user10',sha2('1111',256),'2024-5-5'),
  (111,'user11@test.com','user11',sha2('1111',256),'2024-1-1'),
  (112,'user12@test.com','user12',sha2('1111',256),'2024-2-2'),
  (113,'user13@test.com','user13',sha2('1111',256),'2024-3-3'),
  (114,'user14@test.com','user14',sha2('1111',256),'2024-4-4'),
  (115,'user15@test.com','user15',sha2('1111',256),'2024-5-5'),
  (116,'user16@test.com','user16',sha2('1111',256),'2024-1-1'),
  (117,'user17@test.com','user17',sha2('1111',256),'2024-2-2'),
  (118,'user18@test.com','user18',sha2('1111',256),'2024-3-3'),
  (119,'user19@test.com','user19',sha2('1111',256),'2024-4-4'),
  (120,'user20@test.com','user20',sha2('1111',256),'2024-5-5'),
  (121,'user21@test.com','user21',sha2('1111',256),'2024-1-1'),
  (122,'user22@test.com','user22',sha2('1111',256),'2024-2-2'),
  (123,'user23@test.com','user23',sha2('1111',256),'2024-3-3'),
  (124,'user24@test.com','user24',sha2('1111',256),'2024-4-4'),
  (125,'user25@test.com','user25',sha2('1111',256),'2024-5-5');

-- boards 테이블 데이터
insert into boards (board_no, title, content, writer, category)
values
(1, '제목1', '내용1', 101, 1),
(2, '제목2', '내용2', 102, 1),
(3, '제목3', '내용3', 102, 1),
(4, '제목4', '내용4', 104, 1),
(5, '제목5', '내용5', 104, 1),
(6, '제목6', '내용1', 101, 1),
(7, '제목7', '내용2', 102, 1),
(8, '제목8', '내용3', 102, 1),
(9, '제목9', '내용4', 104, 1),
(10, '제목10', '내용5', 104, 1),
(11, '제목11', '내용1', 101, 1),
(12, '제목12', '내용2', 102, 1),
(13, '제목13', '내용3', 102, 1),
(14, '제목14', '내용4', 104, 1),
(15, '제목15', '내용5', 104, 1),
(16, '제목16', '내용1', 101, 1),
(17, '제목17', '내용1', 101, 2),
(18, '제목18', '내용1', 101, 2),
(19, '제목19', '내용1', 101, 2),
(20, '제목20', '내용1', 101, 2),
(21, '제목21', '내용1', 101, 2),
(22, '제목22', '내용1', 101, 2),
(23, '제목23', '내용1', 101, 2),
(24, '제목24', '내용1', 101, 2),
(25, '제목25', '내용1', 101, 2),
(26, '제목26', '내용1', 101, 2);




-- board_files 테이블 데이터
insert into board_files(file_no,file_path,board_no) values
  (1,'a1.gif', 1), (2,'a2.gif', 1), (3,'a3.gif', 1),
  (4,'b1.gif', 2), (5,'b2.gif', 2),
  (6,'c1.gif', 4), (7,'c2.gif', 4), (8,'c3.gif', 4), (9,'c4.gif', 4),
  (10,'d1.gif', 5);



-- assignments 테이블 데이터
insert into assignments(assignment_no,title,content,deadline)
  values
  (1,'과제1','내용1','2024-1-1'),
  (2,'과제2','내용2','2024-2-2'),
  (3,'과제3','내용3','2024-3-3'),
  (4,'과제4','내용4','2024-4-4'),
  (5,'과제5','내용5','2024-5-5'),
  (6,'과제6','내용6','2024-1-1'),
  (7,'과제7','내용7','2024-2-2'),
  (8,'과제8','내용8','2024-3-3'),
  (9,'과제9','내용9','2024-4-4'),
  (10,'과제10','내용10','2024-5-5'),
  (11,'과제11','내용11','2024-1-1'),
  (12,'과제12','내용12','2024-2-2'),
  (13,'과제13','내용13','2024-3-3'),
  (14,'과제14','내용14','2024-4-4'),
  (15,'과제15','내용15','2024-5-5'),
  (16,'과제16','내용16','2024-1-1'),
  (17,'과제17','내용17','2024-2-2'),
  (18,'과제18','내용18','2024-3-3'),
  (19,'과제19','내용19','2024-4-4'),
  (20,'과제20','내용20','2024-5-5'),
  (21,'과제21','내용21','2024-1-1'),
  (22,'과제22','내용22','2024-2-2'),
  (23,'과제23','내용23','2024-3-3'),
  (24,'과제24','내용24','2024-4-4'),
  (25,'과제25','내용25','2024-5-5');





















-------------------------------------------------------------------
SELECT u.*, p.*
FROM users u
INNER JOIN purchases p ON u.user_no = p.user_no;

SELECT u.email,u.nickname,p.price,p.vigo
FROM users u
INNER JOIN purchases p ON u.user_no = p.user_no;